{"assets/icons/arrowBack.svg":["assets/icons/arrowBack.svg"],"assets/icons/arrowBackIOS.svg":["assets/icons/arrowBackIOS.svg"],"assets/icons/cancel.svg":["assets/icons/cancel.svg"],"assets/icons/checkCircle.svg":["assets/icons/checkCircle.svg"],"assets/icons/close.svg":["assets/icons/close.svg"],"assets/icons/deliveryDining.svg":["assets/icons/deliveryDining.svg"],"assets/icons/deliveryDiningRounded.svg":["assets/icons/deliveryDiningRounded.svg"],"assets/icons/hand.png":["assets/icons/hand.png"],"assets/icons/horse.png":["assets/icons/horse.png"],"assets/icons/logout.svg":["assets/icons/logout.svg"],"assets/icons/map.svg":["assets/icons/map.svg"],"assets/icons/motocicle.png":["assets/icons/motocicle.png"],"assets/icons/ninja.png":["assets/icons/ninja.png"],"assets/icons/union.svg":["assets/icons/union.svg"],"assets/icons/warning.svg":["assets/icons/warning.svg"],"assets/illustrations/cameraPana.svg":["assets/illustrations/cameraPana.svg"],"assets/illustrations/delivery.gif":["assets/illustrations/delivery.gif"],"assets/images/deliveryMan-location.png":["assets/images/deliveryMan-location.png"],"assets/images/establishment-location.png":["assets/images/establishment-location.png"],"assets/images/logoPretaSemFundo.png":["assets/images/logoPretaSemFundo.png"],"assets/images/logoPrincipal.png":["assets/images/logoPrincipal.png"],"assets/images/people-location.png":["assets/images/people-location.png"],"packages/cupertino_icons/assets/CupertinoIcons.ttf":["packages/cupertino_icons/assets/CupertinoIcons.ttf"],"packages/font_awesome_flutter/lib/fonts/fa-brands-400.ttf":["packages/font_awesome_flutter/lib/fonts/fa-brands-400.ttf"],"packages/font_awesome_flutter/lib/fonts/fa-regular-400.ttf":["packages/font_awesome_flutter/lib/fonts/fa-regular-400.ttf"],"packages/font_awesome_flutter/lib/fonts/fa-solid-900.ttf":["packages/font_awesome_flutter/lib/fonts/fa-solid-900.ttf"]}